NomePlanilha;DataUltimaCompra;Grupo;Material;Quantidade;UnidadeMedida;ValorUnitario;ValorTotalItem
GIASSI LOJA TUBARÃO - AC07225;23/03/2026;REDE FRIGORIGENA;CONEXÕES DE COBRE. REF:;1,00;VB;500,00;500,00
GIASSI LOJA TUBARÃO - AC07225;23/03/2026;REDE FRIGORIGENA;GÁS NITROGÊNIO;4,00;UNID.;210,00;840,00
GIASSI LOJA TUBARÃO - AC07225;23/03/2026;REDE FRIGORIGENA;GÁS ACETILENO;5,00;UNID.;200,00;1.000,00
GIASSI LOJA TUBARÃO - AC07225;23/03/2026;REDE FRIGORIGENA;GÁS OXIGENIO;5,00;UNID.;130,00;650,00
GIASSI LOJA TUBARÃO - AC07225;23/03/2026;REDE FRIGORIGENA;PROTEÇÃO MECÂNICA EM PLATISCO HOSPITALAR BRANCO LISO 0,10MMX50M (10CM);3,00;PÇ;30,00;90,00
GIASSI LOJA TUBARÃO - AC07225;23/03/2026;REDE FRIGORIGENA;GÁS R410A.  (VRF). REF.:;70,00;KG;115,00;8.050,00
GIASSI LOJA TUBARÃO - AC07225;23/03/2026;REDE FRIGORIGENA;COLA PARA ESPUMA ELASTOMÉRICA. REF:ARMACELL  ARMAFLEX 520 S 0,9 L;2,00;LITROS;110,00;220,00
GIASSI LOJA TUBARÃO - AC07225;23/03/2026;REDE FRIGORIGENA;CONJUNTO DE CALÇO DE BORRACHA OU SUPORTE TIPO MÃO FRANCESA;3,00;CJ;80,00;240,00
GIASSI LOJA TUBARÃO - AC07225;23/03/2026;REDE FRIGORIGENA;MATERIAIS DIVERSOS (SUPORTE, FIXAÇÃO, PARAFUSOS, PORCAS, ARRUELAS, FITAS, ETC.);240,00;CJ;10,00;2.400,00
GIASSI LOJA TUBARÃO - AC07225;23/03/2026;REDE FRIGORIGENA;"TUBO DE COBRE DIÂMETRO 1/4"" (6m)";1,00;KG;90,00;90,00
GIASSI LOJA TUBARÃO - AC07225;23/03/2026;REDE FRIGORIGENA;"TUBO DE COBRE DIÂMETRO 3/8"" (144m)";32,00;KG;90,00;2.880,00
GIASSI LOJA TUBARÃO - AC07225;23/03/2026;REDE FRIGORIGENA;"TUBO DE COBRE DIÂMETRO 1/2"" (12m)";4,00;KG;115,00;460,00
GIASSI LOJA TUBARÃO - AC07225;23/03/2026;REDE FRIGORIGENA;"TUBO DE COBRE DIÂMETRO 5/8"" (182m)";70,00;KG;90,00;6.300,00
GIASSI LOJA TUBARÃO - AC07225;23/03/2026;REDE FRIGORIGENA;"TUBO DE COBRE DIÂMETRO 3/4"" (5m)";5,00;KG;90,00;450,00
GIASSI LOJA TUBARÃO - AC07225;23/03/2026;REDE FRIGORIGENA;"TUBO DE COBRE DIÂMETRO 7/8"" (162m)";172,00;KG;115,00;19.780,00
GIASSI LOJA TUBARÃO - AC07225;23/03/2026;REDE FRIGORIGENA;"TUBO DE COBRE DIÂMETRO 1.1/8"" (82m)";114,00;KG;115,00;13.110,00
GIASSI LOJA TUBARÃO - AC07225;23/03/2026;REDE FRIGORIGENA;"TUBO DE COBRE DIÂMETRO 1.1/4"" (5m)";8,00;KG;115,00;920,00
GIASSI LOJA TUBARÃO - AC07225;23/03/2026;REDE FRIGORIGENA;"TUBO DE COBRE DIÂMETRO 1.1/2"" (3m)";6,00;KG;115,00;690,00
GIASSI LOJA TUBARÃO - AC07225;23/03/2026;REDE FRIGORIGENA;"TUBO DE COBRE DIÂMETRO 1.5/8"" (120m)";243,00;KG;115,00;27.945,00
GIASSI LOJA TUBARÃO - AC07225;23/03/2026;REDE FRIGORIGENA;"ISOLAMENTO EM BORRACHA ELASTOMÉRICA COM ESPESSURA 19MM (M) PARA TUBO DE COBRE DE 1/4""";8,00;M;10,00;80,00
GIASSI LOJA TUBARÃO - AC07225;23/03/2026;REDE FRIGORIGENA;"ISOLAMENTO EM BORRACHA ELASTOMÉRICA COM ESPESSURA 19MM (M) PARA TUBO DE COBRE DE  3/8""";178,00;M;10,00;1.780,00
GIASSI LOJA TUBARÃO - AC07225;23/03/2026;REDE FRIGORIGENA;"ISOLAMENTO EM BORRACHA ELASTOMÉRICA COM ESPESSURA 19MM (M) PARA TUBO DE COBRE DE  1/2""";16,00;M;11,00;176,00
GIASSI LOJA TUBARÃO - AC07225;23/03/2026;REDE FRIGORIGENA;"ISOLAMENTO EM BORRACHA ELASTOMÉRICA COM ESPESSURA 19MM (M) PARA TUBO DE COBRE DE  5/8""";224,00;M;12,00;2.688,00
GIASSI LOJA TUBARÃO - AC07225;23/03/2026;REDE FRIGORIGENA;"ISOLAMENTO EM BORRACHA ELASTOMÉRICA COM ESPESSURA 19MM (M) PARA TUBO DE COBRE DE  3/4""";7,00;M;13,00;91,00
GIASSI LOJA TUBARÃO - AC07225;23/03/2026;REDE FRIGORIGENA;"ISOLAMENTO EM BORRACHA ELASTOMÉRICA COM ESPESSURA 19MM (M) PARA TUBO DE COBRE DE  7/8""";200,00;M;22,00;4.400,00
GIASSI LOJA TUBARÃO - AC07225;23/03/2026;REDE FRIGORIGENA;"ISOLAMENTO EM BORRACHA ELASTOMÉRICA COM ESPESSURA 19MM (M) PARA TUBO DE COBRE DE  1.1/8""";102,00;M;26,00;2.652,00
GIASSI LOJA TUBARÃO - AC07225;23/03/2026;REDE FRIGORIGENA;"ISOLAMENTO EM BORRACHA ELASTOMÉRICA COM ESPESSURA 19MM (M) PARA TUBO DE COBRE DE  1.1/4""";7,00;M;29,00;203,00
GIASSI LOJA TUBARÃO - AC07225;23/03/2026;REDE FRIGORIGENA;"ISOLAMENTO EM BORRACHA ELASTOMÉRICA COM ESPESSURA 19MM (M) PARA TUBO DE COBRE DE  1.1/2""";4,00;M;30,00;120,00
GIASSI LOJA TUBARÃO - AC07225;23/03/2026;REDE FRIGORIGENA;"ISOLAMENTO EM BORRACHA ELASTOMÉRICA COM ESPESSURA 19MM (M) PARA TUBO DE COBRE DE 1.5/8""";148,00;M;36,00;5.328,00
GIASSI LOJA TUBARÃO - AC07225;23/03/2026;REDE FRIGORIGENA;CAIXA DE PASSAGEM PARA SPLIT. REF:;14,00;PÇ;18,00;252,00
GIASSI LOJA TUBARÃO - AC07225;23/03/2026;REDE FRIGORIGENA;GÁS NITROGÊNIO;3,00;UNID.;210,00;630,00
GIASSI LOJA TUBARÃO - AC07225;23/03/2026;REDE FRIGORIGENA;GÁS ACETILENO;3,00;UNID.;200,00;600,00
GIASSI LOJA TUBARÃO - AC07225;23/03/2026;REDE FRIGORIGENA;GÁS OXIGENIO;3,00;UNID.;130,00;390,00
GIASSI LOJA TUBARÃO - AC07225;23/03/2026;REDE FRIGORIGENA;PROTEÇÃO MECÂNICA EM PLATISCO HOSPITALAR BRANCO LISO 0,10MMX50M (10CM);2,00;PÇ;30,00;60,00
GIASSI LOJA TUBARÃO - AC07225;23/03/2026;REDE FRIGORIGENA;GÁS R410A. (SPLIT). REF.:;18,00;KG;115,00;2.070,00
GIASSI LOJA TUBARÃO - AC07225;23/03/2026;REDE FRIGORIGENA;FITA PRATA PARA JUNÇÃO DO ISOLAMENTO EM POLIETILENO;26,00;UN;5,00;130,00
GIASSI LOJA TUBARÃO - AC07225;23/03/2026;REDE FRIGORIGENA;CONJUNTO DE CALÇO DE BORRACHA OU SUPORTE TIPO MÃO FRANCESA;14,00;CJ;80,00;1.120,00
GIASSI LOJA TUBARÃO - AC07225;23/03/2026;REDE FRIGORIGENA;MATERIAIS DIVERSOS (SUPORTE, FIXAÇÃO, PARAFUSOS, PORCAS, ARRUELAS, FITAS, ETC.);137,00;CJ;10,00;1.370,00
GIASSI LOJA TUBARÃO - AC07225;23/03/2026;REDE FRIGORIGENA;"TUBO DE COBRE DIÂMETRO 1/4"" (205m)";29,00;KG;90,00;2.610,00
GIASSI LOJA TUBARÃO - AC07225;23/03/2026;REDE FRIGORIGENA;"TUBO DE COBRE DIÂMETRO 3/8"" (84m)";19,00;KG;90,00;1.710,00
GIASSI LOJA TUBARÃO - AC07225;23/03/2026;REDE FRIGORIGENA;"TUBO DE COBRE DIÂMETRO 1/2"" (110m)";34,00;KG;115,00;3.910,00
GIASSI LOJA TUBARÃO - AC07225;23/03/2026;REDE FRIGORIGENA;"TUBO DE COBRE DIÂMETRO 5/8"" (10m)";4,00;KG;90,00;360,00
GIASSI LOJA TUBARÃO - AC07225;23/03/2026;REDE FRIGORIGENA;"ISOLAMENTO EM TUBO DE POLIETILENO BLINDADO INVERTER, PARA TUBULAÇÃO DE 1/4""";253,00;M;1,50;379,50
GIASSI LOJA TUBARÃO - AC07225;23/03/2026;REDE FRIGORIGENA;"ISOLAMENTO EM TUBO DE POLIETILENO BLINDADO INVERTER, PARA TUBULAÇÃO DE  3/8""";105,00;M;1,60;168,00
GIASSI LOJA TUBARÃO - AC07225;23/03/2026;REDE FRIGORIGENA;"ISOLAMENTO EM TUBO DE POLIETILENO BLINDADO INVERTER, PARA TUBULAÇÃO DE 1/2""";136,00;M;1,80;244,80
GIASSI LOJA TUBARÃO - AC07225;23/03/2026;REDE FRIGORIGENA;"ISOLAMENTO EM TUBO DE POLIETILENO BLINDADO INVERTER, PARA TUBULAÇÃO DE 5/8""";13,00;M;2,50;32,50
GIASSI LOJA TUBARÃO - AC07225;23/03/2026;REDE FRIGORIGENA;CONEXÕES DE COBRE. REF:;1,00;VB;4.000,00;4.000,00
GIASSI LOJA TUBARÃO - AC07225;23/03/2026;REDE FRIGORIGENA;GÁS NITROGÊNIO;1,00;UNID.;210,00;210,00
GIASSI LOJA TUBARÃO - AC07225;23/03/2026;REDE FRIGORIGENA;GÁS ACETILENO;3,00;UNID.;200,00;600,00
GIASSI LOJA TUBARÃO - AC07225;23/03/2026;REDE FRIGORIGENA;GÁS OXIGENIO;3,00;UNID.;130,00;390,00
GIASSI LOJA TUBARÃO - AC07225;23/03/2026;REDE FRIGORIGENA;PROTEÇÃO MECÂNICA EM PLATISCO HOSPITALAR BRANCO LISO 0,10MMX50M (10CM);4,00;PÇ;30,00;120,00
GIASSI LOJA TUBARÃO - AC07225;23/03/2026;REDE FRIGORIGENA;PROTEÇÃO MECÂNICA EM ALUMINIO NA PARTE EXTERNA DA EDIFICAÇÃO;1,00;VB;2.000,00;2.000,00
GIASSI LOJA TUBARÃO - AC07225;23/03/2026;REDE FRIGORIGENA;GÁS R410A.  (VRF). REF.:;58,00;KG;115,00;6.670,00
GIASSI LOJA TUBARÃO - AC07225;23/03/2026;REDE FRIGORIGENA;COLA PARA ESPUMA ELASTOMÉRICA. REF:ARMACELL  ARMAFLEX 520 S 0,9 L;1,00;LITROS;110,00;110,00
GIASSI LOJA TUBARÃO - AC07225;23/03/2026;REDE FRIGORIGENA;CONJUNTO DE CALÇO DE BORRACHA OU SUPORTE TIPO MÃO FRANCESA;6,00;CJ;360,00;2.160,00
GIASSI LOJA TUBARÃO - AC07225;23/03/2026;REDE FRIGORIGENA;MATERIAIS DIVERSOS (SUPORTE, FIXAÇÃO, PARAFUSOS, PORCAS, ARRUELAS, FITAS, ETC.);136,00;CJ;10,00;1.360,00
GIASSI LOJA TUBARÃO - AC07225;23/03/2026;REDE FRIGORIGENA;"TUBO DE COBRE DIÂMETRO 5/8"" (40m)";16,00;KG;90,00;1.440,00
GIASSI LOJA TUBARÃO - AC07225;23/03/2026;REDE FRIGORIGENA;"TUBO DE COBRE DIÂMETRO 3/4"" (188m)";167,00;KG;90,00;15.030,00
GIASSI LOJA TUBARÃO - AC07225;23/03/2026;REDE FRIGORIGENA;"TUBO DE COBRE DIÂMETRO 1.1/4"" (8m)";13,00;KG;115,00;1.495,00
GIASSI LOJA TUBARÃO - AC07225;23/03/2026;REDE FRIGORIGENA;"TUBO DE COBRE DIÂMETRO 1.1/2"" (102m)";191,00;KG;115,00;21.965,00
GIASSI LOJA TUBARÃO - AC07225;23/03/2026;REDE FRIGORIGENA;"TUBO DE COBRE DIÂMETRO 1.5/8"" (70m)";142,00;KG;115,00;16.330,00
GIASSI LOJA TUBARÃO - AC07225;23/03/2026;REDE FRIGORIGENA;ALUMÍNIO CORRUGADO;40,00;M²;41,30;1.652,00
GIASSI LOJA TUBARÃO - AC07225;23/03/2026;REDE FRIGORIGENA;PRESILHA PARA ALUMÍNIO CORRUGADO;50,00;UN;0,27;13,41
GIASSI LOJA TUBARÃO - AC07225;23/03/2026;REDE FRIGORIGENA;FITA PARA PRESILHA;20,00;M;7,66;153,11
GIASSI LOJA TUBARÃO - AC07225;23/03/2026;REDE FRIGORIGENA;"ISOLAMENTO EM BORRACHA ELASTOMÉRICA COM ESPESSURA 19MM (M) PARA TUBO DE COBRE DE  5/8""";51,00;M;12,00;612,00
GIASSI LOJA TUBARÃO - AC07225;23/03/2026;REDE FRIGORIGENA;"ISOLAMENTO EM BORRACHA ELASTOMÉRICA COM ESPESSURA 19MM (M) PARA TUBO DE COBRE DE  3/4""";232,00;M;13,00;3.016,00
GIASSI LOJA TUBARÃO - AC07225;23/03/2026;REDE FRIGORIGENA;"ISOLAMENTO EM BORRACHA ELASTOMÉRICA COM ESPESSURA 19MM (M) PARA TUBO DE COBRE DE  1.1/4""";11,00;M;29,00;319,00
GIASSI LOJA TUBARÃO - AC07225;23/03/2026;REDE FRIGORIGENA;"ISOLAMENTO EM BORRACHA ELASTOMÉRICA COM ESPESSURA 19MM (M) PARA TUBO DE COBRE DE  1.1/2""";126,00;M;30,00;3.780,00
GIASSI LOJA TUBARÃO - AC07225;23/03/2026;REDE FRIGORIGENA;"ISOLAMENTO EM BORRACHA ELASTOMÉRICA COM ESPESSURA 19MM (M) PARA TUBO DE COBRE DE 1.5/8""";87,00;M;36,00;3.132,00
GIASSI LOJA TUBARÃO - AC07225;23/03/2026;DUTOS;CHAPA DE AÇO GALVANIZADO #26;44,00;KG;13,00;572,00
GIASSI LOJA TUBARÃO - AC07225;23/03/2026;DUTOS;CHAPA DE MPU 20MM. REF.:MULTIVAC MPU.;562,00;M²;66,00;37.092,00
GIASSI LOJA TUBARÃO - AC07225;23/03/2026;DUTOS;ADESIVO DE CONTATO PARA PAINEL MPU (LATA 2,8KG);5,00;LATA;184,00;920,00
GIASSI LOJA TUBARÃO - AC07225;23/03/2026;DUTO;DIFUSOR DE AR DE ALTA INDUÇÃO - DIMENSÃO: 600x600mm - REF.: TROPICAL DMA TAM. 600.;74,00;UNID.;445,28;32.951,02
GIASSI LOJA TUBARÃO - AC07225;23/03/2026;DUTO;CONJUNTO DE 3x GRELHAS DE RETORNO DE AR, DIM.: 1200x1500mm. DIM. TOTAL: 3600x1500mm. VAZÃO TOTAL 30.600-24.460M3/H. REF.: TROPICAL RHN 1200x1500mm.;3,00;UNID.;4.500,00;13.500,00
GIASSI LOJA TUBARÃO - AC07225;23/03/2026;DUTO;VENEZIANA TAE PARA TOMADA DE AR EXTERNO, COM FILTRO G4 E REGISTRO - DIM. 750x500mm - REF.: TROPICAL TAE 750x500mm.;1,00;UNID.;652,02;652,02
GIASSI LOJA TUBARÃO - AC07225;23/03/2026;DUTO;VENEZIANA TAE PARA TOMADA DE AR EXTERNO, COM FILTRO G4 E REGISTRO - DIM. 600x500mm - REF.: TROPICAL TAE 600x500mm.;2,00;UNID.;539,64;1.079,28
GIASSI LOJA TUBARÃO - AC07225;23/03/2026;DUTO;Cabo PP 4 x 1,5mm;65,00;M;6,00;390,00
GIASSI LOJA TUBARÃO - AC07225;23/03/2026;DUTO;CABO BUS (CABO BLINDADO 3x18 AWG) (VRF);300,00;M;5,50;1.650,00
GIASSI LOJA TUBARÃO - AC07225;23/03/2026;DUTO;Cabo 2 x 18AWG;150,00;m;8,95;1.342,50
GIASSI LOJA TUBARÃO - AC07225;23/03/2026;DUTO;Cabo 2 x 18AWG;100,00;m;4,99;499,00
GIASSI LOJA TUBARÃO - AC07225;23/03/2026;DUTO;CABO BUS (CABO BLINDADO 3x18 AWG) (SENSOR);120,00;M;5,50;660,00
GIASSI LOJA TUBARÃO - AC07225;23/03/2026;DUTO;"IHM 10""";1,00;VB;3.655,82;3.655,82
GIASSI LOJA TUBARÃO - AC07225;23/03/2026;DUTO;Material Eletrico Diversos + Painel;1,00;vb;4.456,00;4.456,00
GIASSI LOJA TUBARÃO - AC07225;23/03/2026;DUTO;PAINEL PARA IHM;1,00;VB;400,00;400,00
GIASSI LOJA TUBARÃO - AC07225;23/03/2026;DUTO;CONTROLADOR MCP50-PRO;1,00;VB;2.967,42;2.967,42
GIASSI LOJA TUBARÃO - AC07225;23/03/2026;DUTO;SENSOR TEMPERATURA INSUFLAMENTO;3,00;VB;120,00;360,00
GIASSI LOJA TUBARÃO - AC07225;23/03/2026;DUTO;Pressostato;3,00;vb;210,00;630,00
GIASSI LOJA TUBARÃO - AC07225;23/03/2026;DUTO;SENSOR TEMPERATURA AMBIENTE;3,00;VB;70,96;212,88
GIASSI LOJA TUBARÃO - AC07225;23/03/2026;DUTO;Sonda SND;3,00;vb;50,91;152,73
GIASSI LOJA TUBARÃO - AC07225;23/03/2026;DUTO;ARTE GRAFICA;1,00;VB;316,00;316,00
GIASSI LOJA TUBARÃO - AC07225;23/03/2026;DUTO;DIVERSOS;1,00;VB;1.500,00;1.500,00
GIASSI LOJA TUBARÃO - AC07225;23/03/2026;DUTO;Conduletes e Acessórios;1,00;coj;2.688,10;2.688,10
GIASSI LOJA TUBARÃO - AC07225;23/03/2026;DUTO;Fonte Chaveada;1,00;pç;43,51;43,51
GIASSI LOJA TUBARÃO - AC07225;23/03/2026;REDE FRIGORIGENA;CONEXÕES DE COBRE. REF:;1,00;VB;500,00;500,00
GIASSI LOJA TUBARÃO - AC07225;23/03/2026;REDE FRIGORIGENA;Arame  + Regulador;1,00;pç;429,78;429,78
GIASSI LOJA TUBARÃO - AC07225;23/03/2026;REDE FRIGORIGENA;PROTEÇÃO MECÂNICA EM PLATISCO HOSPITALAR BRANCO LISO 0,10MMX50M (10CM);3,00;PÇ;30,00;90,00
GIASSI LOJA TUBARÃO - AC07225;23/03/2026;REDE FRIGORIGENA;GÁS R410A.  (VRF). REF.:;79,00;KG;114,51;9.046,29
GIASSI LOJA TUBARÃO - AC07225;23/03/2026;REDE FRIGORIGENA;COLA PARA ESPUMA ELASTOMÉRICA. REF:ARMACELL  ARMAFLEX 520 S 0,9 L;2,00;LITROS;110,00;220,00
GIASSI LOJA TUBARÃO - AC07225;23/03/2026;REDE FRIGORIGENA;CONJUNTO DE CALÇO DE BORRACHA OU SUPORTE TIPO MÃO FRANCESA;3,00;CJ;80,00;240,00
GIASSI LOJA TUBARÃO - AC07225;23/03/2026;REDE FRIGORIGENA;MATERIAIS DIVERSOS (SUPORTE, FIXAÇÃO, PARAFUSOS, PORCAS, ARRUELAS, FITAS, ETC.);1,00;CJ;998,12;998,12
GIASSI LOJA TUBARÃO - AC07225;23/03/2026;REDE FRIGORIGENA;"TUBO DE COBRE DIÂMETRO 1/2"" (12m)";1,00;KG;115,00;115,00
GIASSI LOJA TUBARÃO - AC07225;23/03/2026;REDE FRIGORIGENA;"TUBO DE COBRE DIÂMETRO 5/8"" (182m)";70,00;KG;90,00;6.300,00
GIASSI LOJA TUBARÃO - AC07225;23/03/2026;REDE FRIGORIGENA;"TUBO DE COBRE DIÂMETRO 7/8"" (162m)";172,00;KG;115,00;19.780,00
GIASSI LOJA TUBARÃO - AC07225;23/03/2026;REDE FRIGORIGENA;"TUBO DE COBRE DIÂMETRO 1.1/8"" (82m)";114,00;KG;115,00;13.110,00
GIASSI LOJA TUBARÃO - AC07225;23/03/2026;REDE FRIGORIGENA;"TUBO DE COBRE DIÂMETRO 1.5/8"" (120m)";243,00;KG;115,00;27.945,00
GIASSI LOJA TUBARÃO - AC07225;23/03/2026;REDE FRIGORIGENA;"ISOLAMENTO EM BORRACHA ELASTOMÉRICA COM ESPESSURA 19MM (M) PARA TUBO DE COBRE DE 1/4""";8,00;M;10,00;80,00
GIASSI LOJA TUBARÃO - AC07225;23/03/2026;REDE FRIGORIGENA;"ISOLAMENTO EM BORRACHA ELASTOMÉRICA COM ESPESSURA 19MM (M) PARA TUBO DE COBRE DE  1/2""";16,00;M;11,00;176,00
GIASSI LOJA TUBARÃO - AC07225;23/03/2026;REDE FRIGORIGENA;"ISOLAMENTO EM BORRACHA ELASTOMÉRICA COM ESPESSURA 19MM (M) PARA TUBO DE COBRE DE  5/8""";224,00;M;12,00;2.688,00
GIASSI LOJA TUBARÃO - AC07225;23/03/2026;REDE FRIGORIGENA;"ISOLAMENTO EM BORRACHA ELASTOMÉRICA COM ESPESSURA 19MM (M) PARA TUBO DE COBRE DE  3/4""";7,00;M;13,00;91,00
GIASSI LOJA TUBARÃO - AC07225;23/03/2026;REDE FRIGORIGENA;"ISOLAMENTO EM BORRACHA ELASTOMÉRICA COM ESPESSURA 19MM (M) PARA TUBO DE COBRE DE  7/8""";200,00;M;20,00;4.000,00
GIASSI LOJA TUBARÃO - AC07225;23/03/2026;REDE FRIGORIGENA;"ISOLAMENTO EM BORRACHA ELASTOMÉRICA COM ESPESSURA 19MM (M) PARA TUBO DE COBRE DE  1.1/8""";102,00;M;26,00;2.652,00
GIASSI LOJA TUBARÃO - AC07225;23/03/2026;REDE FRIGORIGENA;GÁS NITROGÊNIO;11,00;UNID.;210,00;2.310,00
GIASSI LOJA TUBARÃO - AC07225;23/03/2026;REDE FRIGORIGENA;GÁS ACETILENO;3,00;UNID.;200,00;600,00
GIASSI LOJA TUBARÃO - AC07225;23/03/2026;REDE FRIGORIGENA;GÁS OXIGENIO;3,00;UNID.;130,00;390,00
GIASSI LOJA TUBARÃO - AC07225;23/03/2026;REDE FRIGORIGENA;PROTEÇÃO MECÂNICA EM PLATISCO HOSPITALAR BRANCO LISO 0,10MMX50M (10CM);2,00;PÇ;30,00;60,00
GIASSI LOJA TUBARÃO - AC07225;23/03/2026;REDE FRIGORIGENA;Curva de Cobre;8,00;pç;53,78;430,24
GIASSI LOJA TUBARÃO - AC07225;23/03/2026;REDE FRIGORIGENA;FITA PRATA PARA JUNÇÃO DO ISOLAMENTO EM POLIETILENO;26,00;UN;5,00;130,00
GIASSI LOJA TUBARÃO - AC07225;23/03/2026;REDE FRIGORIGENA;CONJUNTO DE CALÇO DE BORRACHA OU SUPORTE TIPO MÃO FRANCESA;14,00;CJ;80,00;1.120,00
GIASSI LOJA TUBARÃO - AC07225;23/03/2026;REDE FRIGORIGENA;MATERIAIS DIVERSOS (SUPORTE, FIXAÇÃO, PARAFUSOS, PORCAS, ARRUELAS, FITAS, ETC.);137,00;CJ;10,00;1.370,00
GIASSI LOJA TUBARÃO - AC07225;23/03/2026;REDE FRIGORIGENA;"TUBO DE COBRE DIÂMETRO 1/4"" (205m)";29,00;KG;90,00;2.610,00
GIASSI LOJA TUBARÃO - AC07225;23/03/2026;REDE FRIGORIGENA;"TUBO DE COBRE DIÂMETRO 3/8"" (84m)";19,00;KG;90,00;1.710,00
GIASSI LOJA TUBARÃO - AC07225;23/03/2026;REDE FRIGORIGENA;"TUBO DE COBRE DIÂMETRO 1/2"" (110m)";34,00;KG;115,00;3.910,00
GIASSI LOJA TUBARÃO - AC07225;23/03/2026;REDE FRIGORIGENA;"TUBO DE COBRE DIÂMETRO 5/8"" (10m)";4,00;KG;90,00;360,00
GIASSI LOJA TUBARÃO - AC07225;23/03/2026;REDE FRIGORIGENA;"ISOLAMENTO EM TUBO DE POLIETILENO BLINDADO INVERTER, PARA TUBULAÇÃO DE 1/4""";253,00;M;1,50;379,50
GIASSI LOJA TUBARÃO - AC07225;23/03/2026;REDE FRIGORIGENA;"ISOLAMENTO EM TUBO DE POLIETILENO BLINDADO INVERTER, PARA TUBULAÇÃO DE  3/8""";105,00;M;1,60;168,00
GIASSI LOJA TUBARÃO - AC07225;23/03/2026;REDE FRIGORIGENA;"ISOLAMENTO EM TUBO DE POLIETILENO BLINDADO INVERTER, PARA TUBULAÇÃO DE 1/2""";136,00;M;1,80;244,80
GIASSI LOJA TUBARÃO - AC07225;23/03/2026;REDE FRIGORIGENA;"ISOLAMENTO EM TUBO DE POLIETILENO BLINDADO INVERTER, PARA TUBULAÇÃO DE 5/8""";13,00;M;2,50;32,50
GIASSI LOJA TUBARÃO - AC07225;23/03/2026;REDE FRIGORIGENA;CONEXÕES DE COBRE. REF:;1,00;VB;4.000,00;4.000,00
GIASSI LOJA TUBARÃO - AC07225;23/03/2026;REDE FRIGORIGENA;cobre;1,00;pç;10.000,00;11.800,00
GIASSI LOJA TUBARÃO - AC07225;23/03/2026;REDE FRIGORIGENA;PROTEÇÃO MECÂNICA EM PLATISCO HOSPITALAR BRANCO LISO 0,10MMX50M (10CM);4,00;PÇ;30,00;120,00
GIASSI LOJA TUBARÃO - AC07225;23/03/2026;REDE FRIGORIGENA;PROTEÇÃO MECÂNICA EM ALUMINIO NA PARTE EXTERNA DA EDIFICAÇÃO;1,00;VB;2.000,00;2.000,00
GIASSI LOJA TUBARÃO - AC07225;23/03/2026;REDE FRIGORIGENA;GÁS R410A.  (VRF). REF.:;58,00;KG;115,00;6.670,00
GIASSI LOJA TUBARÃO - AC07225;23/03/2026;REDE FRIGORIGENA;CONJUNTO DE CALÇO DE BORRACHA OU SUPORTE TIPO MÃO FRANCESA;1,00;CJ;2.646,00;2.646,00
GIASSI LOJA TUBARÃO - AC07225;23/03/2026;REDE FRIGORIGENA;MATERIAIS DIVERSOS (SUPORTE, FIXAÇÃO, PARAFUSOS, PORCAS, ARRUELAS, FITAS, ETC.);136,00;CJ;10,00;1.360,00
GIASSI LOJA TUBARÃO - AC07225;23/03/2026;REDE FRIGORIGENA;"TUBO DE COBRE DIÂMETRO 5/8"" (40m)";16,00;KG;90,00;1.440,00
GIASSI LOJA TUBARÃO - AC07225;23/03/2026;REDE FRIGORIGENA;"TUBO DE COBRE DIÂMETRO 3/4"" (188m)";167,00;KG;90,00;15.030,00
GIASSI LOJA TUBARÃO - AC07225;23/03/2026;REDE FRIGORIGENA;"TUBO DE COBRE DIÂMETRO 1.1/4"" (8m)";13,00;KG;115,00;1.495,00
GIASSI LOJA TUBARÃO - AC07225;23/03/2026;REDE FRIGORIGENA;"TUBO DE COBRE DIÂMETRO 1.1/2"" (102m)";191,00;KG;115,00;21.965,00
GIASSI LOJA TUBARÃO - AC07225;23/03/2026;REDE FRIGORIGENA;"TUBO DE COBRE DIÂMETRO 1.5/8"" (70m)";142,00;KG;86,00;12.212,00
GIASSI LOJA TUBARÃO - AC07225;23/03/2026;REDE FRIGORIGENA;ALUMÍNIO CORRUGADO;40,00;M²;41,30;1.652,00
GIASSI LOJA TUBARÃO - AC07225;23/03/2026;REDE FRIGORIGENA;PRESILHA PARA ALUMÍNIO CORRUGADO;50,00;UN;0,27;13,41
GIASSI LOJA TUBARÃO - AC07225;23/03/2026;REDE FRIGORIGENA;FITA PARA PRESILHA;20,00;M;7,66;153,11
GIASSI LOJA TUBARÃO - AC07225;23/03/2026;REDE FRIGORIGENA;"ISOLAMENTO EM BORRACHA ELASTOMÉRICA COM ESPESSURA 19MM (M) PARA TUBO DE COBRE DE  5/8""";51,00;M;12,00;612,00
GIASSI LOJA TUBARÃO - AC07225;23/03/2026;REDE FRIGORIGENA;"ISOLAMENTO EM BORRACHA ELASTOMÉRICA COM ESPESSURA 19MM (M) PARA TUBO DE COBRE DE  3/4""";232,00;M;13,00;3.016,00
GIASSI LOJA TUBARÃO - AC07225;23/03/2026;REDE FRIGORIGENA;"ISOLAMENTO EM BORRACHA ELASTOMÉRICA COM ESPESSURA 19MM (M) PARA TUBO DE COBRE DE  1.1/4""";11,00;M;29,00;319,00
GIASSI LOJA TUBARÃO - AC07225;23/03/2026;REDE FRIGORIGENA;"ISOLAMENTO EM BORRACHA ELASTOMÉRICA COM ESPESSURA 19MM (M) PARA TUBO DE COBRE DE  1.1/2""";126,00;M;30,00;3.780,00
GIASSI LOJA TUBARÃO - AC07225;23/03/2026;REDE FRIGORIGENA;"ISOLAMENTO EM BORRACHA ELASTOMÉRICA COM ESPESSURA 19MM (M) PARA TUBO DE COBRE DE 1.5/8""";1,00;M;36,00;1.300,00
GIASSI LOJA TUBARÃO - AC07225;23/03/2026;DUTOS;CHAPA DE AÇO GALVANIZADO #26;44,00;KG;13,00;572,00
GIASSI LOJA TUBARÃO - AC07225;23/03/2026;DUTOS;CHAPA DE MPU 20MM. REF.:MULTIVAC MPU.;576,00;M²;56,50;32.544,00
GIASSI LOJA TUBARÃO - AC07225;23/03/2026;DUTOS;ADESIVO DE CONTATO PARA PAINEL MPU (LATA 2,8KG);1,00;LATA;780,00;780,00
GIASSI LOJA TUBARÃO - AC07225;23/03/2026;DUTOS;silicone Brancoi;50,00;;11,00;550,00
GIASSI LOJA TUBARÃO - AC07225;23/03/2026;DUTO;DIFUSOR DE AR DE ALTA INDUÇÃO - DIMENSÃO: 600x600mm - REF.: TROPICAL DMA TAM. 600.;74,00;UNID.;420,00;31.080,00
GIASSI LOJA TUBARÃO - AC07225;23/03/2026;DUTO;CONJUNTO DE 3x GRELHAS DE RETORNO DE AR, DIM.: 1200x1500mm. DIM. TOTAL: 3600x1500mm. VAZÃO TOTAL 30.600-24.460M3/H. REF.: TROPICAL RHN 1200x1500mm.;3,00;UNID.;4.500,00;13.500,00
GIASSI LOJA TUBARÃO - AC07225;23/03/2026;DUTO;VENEZIANA TAE PARA TOMADA DE AR EXTERNO, COM FILTRO G4 E REGISTRO - DIM. 750x500mm - REF.: TROPICAL TAE 750x500mm.;1,00;UNID.;652,02;652,02
GIASSI LOJA TUBARÃO - AC07225;23/03/2026;DUTO;VENEZIANA TAE PARA TOMADA DE AR EXTERNO, COM FILTRO G4 E REGISTRO - DIM. 600x500mm - REF.: TROPICAL TAE 600x500mm.;2,00;UNID.;539,64;1.079,28
GIASSI LOJA TUBARÃO - AC07225;23/03/2026;DUTO;Damper Sobre Pressão 1200 x 800;2,00;pç;876,00;1.752,00
GIASSI LOJA TUBARÃO - AC07225;23/03/2026;DUTO;Colarinho c/ registro;74,00;;71,00;5.254,00
GIASSI LOJA TUBARÃO - AC07225;23/03/2026;DUTO;cabo de aço;1,00;;621,73;621,73
GIASSI LOJA TUBARÃO - AC07225;23/03/2026;DUTO;Cabo PP 4 x 1,5mm;65,00;M;6,00;390,00
GIASSI LOJA TUBARÃO - AC07225;23/03/2026;DUTO;CABO BUS (CABO BLINDADO 3x18 AWG) (VRF);300,00;M;5,50;1.650,00
GIASSI LOJA TUBARÃO - AC07225;23/03/2026;DUTO;Cabo 2 x 18AWG;150,00;m;8,95;1.342,50
GIASSI LOJA TUBARÃO - AC07225;23/03/2026;DUTO;Cabo 2 x 18AWG;100,00;m;4,99;499,00
GIASSI LOJA TUBARÃO - AC07225;23/03/2026;DUTO;CABO BUS (CABO BLINDADO 3x18 AWG) (SENSOR);120,00;M;5,50;660,00
GIASSI LOJA TUBARÃO - AC07225;23/03/2026;DUTO;"IHM 10""";1,00;VB;3.655,82;3.655,82
GIASSI LOJA TUBARÃO - AC07225;23/03/2026;DUTO;Material Eletrico Diversos + Painel;1,00;vb;4.456,00;4.456,00
GIASSI LOJA TUBARÃO - AC07225;23/03/2026;DUTO;PAINEL PARA IHM;1,00;VB;400,00;400,00
GIASSI LOJA TUBARÃO - AC07225;23/03/2026;DUTO;CONTROLADOR MCP50-PRO;1,00;VB;2.967,42;2.967,42
GIASSI LOJA TUBARÃO - AC07225;23/03/2026;DUTO;SENSOR TEMPERATURA INSUFLAMENTO;3,00;VB;120,00;360,00
GIASSI LOJA TUBARÃO - AC07225;23/03/2026;DUTO;Pressostato;3,00;vb;210,00;630,00
GIASSI LOJA TUBARÃO - AC07225;23/03/2026;DUTO;SENSOR TEMPERATURA AMBIENTE;3,00;VB;70,96;212,88
GIASSI LOJA TUBARÃO - AC07225;23/03/2026;DUTO;Sonda SND;3,00;vb;50,91;152,73
GIASSI LOJA TUBARÃO - AC07225;23/03/2026;DUTO;ARTE GRAFICA;1,00;VB;316,00;316,00
GIASSI LOJA TUBARÃO - AC07225;23/03/2026;DUTO;DIVERSOS;1,00;VB;1.500,00;1.500,00
GIASSI LOJA TUBARÃO - AC07225;23/03/2026;DUTO;Conduletes e Acessórios;1,00;coj;2.688,10;2.688,10
GIASSI LOJA TUBARÃO - AC07225;23/03/2026;DUTO;Fonte Chaveada;1,00;pç;43,51;43,51
